,G_loss,D_X_loss,D_Y_loss
0,18.95517381032308,2.503034167819553,3.0423083702723184
1,17.627328554789226,2.1352284219529896,2.18372909228007
