,G_loss,D_X_loss,D_Y_loss
0,14.50415399339464,2.4525034427642822,2.1583389970991345
1,16.29503387875027,1.425481425391303,1.4774315224753485
2,10.520136621263292,1.1029446323712666,0.8277624050776163
3,8.363907549116346,0.6810315251350403,0.578598333729638
