,G_loss,D_X_loss,D_Y_loss
0,36.270484924316406,5.489742934703827,4.203162610530853
1,29.38581418991089,1.3017013669013977,2.012793719768524
